{
  "sum_areas": 0.02017243499437863,
  "final_score": 0.9329933742024498,
  "final_size_score": 1.0,
  "final_matched_text_score": 1.0,
  "final_position_score": 0.9073446026310737,
  "final_text_color_score": 0.9075892235661116,
  "final_clip_score": 0.8500330448150635
}