{
  "sum_areas": 0.09027150389784304,
  "final_score": 0.923111888658908,
  "final_size_score": 0.9995702619124172,
  "final_matched_text_score": 0.9666666666666666,
  "final_position_score": 0.7999296381791334,
  "final_text_color_score": 0.9211122845716014,
  "final_clip_score": 0.9282805919647217
}