{
  "sum_areas": 0.11147716896014145,
  "final_score": 0.8735003285751693,
  "final_size_score": 0.9413685025471558,
  "final_matched_text_score": 0.9258260117595295,
  "final_position_score": 0.8397110757452735,
  "final_text_color_score": 0.8338683049067124,
  "final_clip_score": 0.8267277479171753
}