{
  "sum_areas": 0.10445169011836898,
  "final_score": 0.9255729036013332,
  "final_size_score": 0.9660105890218432,
  "final_matched_text_score": 0.9839246863171699,
  "final_position_score": 0.8681872098478409,
  "final_text_color_score": 0.879478751951282,
  "final_clip_score": 0.9302632808685303
}