{
  "sum_areas": 0.15136304894605496,
  "final_score": 0.8726646840114722,
  "final_size_score": 0.8691642658944982,
  "final_matched_text_score": 0.9945335265284114,
  "final_position_score": 0.8551420038923043,
  "final_text_color_score": 0.7364779093256433,
  "final_clip_score": 0.9080057144165039
}