{
  "sum_areas": 0.06742786534923269,
  "final_score": 0.8858805167293717,
  "final_size_score": 0.8832371388690288,
  "final_matched_text_score": 0.9989550679205852,
  "final_position_score": 0.7692933456922627,
  "final_text_color_score": 0.843653086539127,
  "final_clip_score": 0.9342639446258545
}