{
  "sum_areas": 0.20557337110185728,
  "final_score": 0.8972907835747507,
  "final_size_score": 0.9615841981253394,
  "final_matched_text_score": 0.9923948301779606,
  "final_position_score": 0.8953604473302818,
  "final_text_color_score": 0.7406924136986058,
  "final_clip_score": 0.8964220285415649
}