{
  "sum_areas": 0.13066707105427222,
  "final_score": 0.9061080170379727,
  "final_size_score": 0.9975334132929119,
  "final_matched_text_score": 0.9791158028321822,
  "final_position_score": 0.8355623374495957,
  "final_text_color_score": 0.778497751585877,
  "final_clip_score": 0.9398307800292969
}