{
  "sum_areas": 0.17261471583496413,
  "final_score": 0.8223335667232711,
  "final_size_score": 0.5726942397881383,
  "final_matched_text_score": 0.9607170099160945,
  "final_position_score": 0.8208022981130112,
  "final_text_color_score": 0.8301404811726468,
  "final_clip_score": 0.9273138046264648
}