{
  "sum_areas": 0.28377259476134103,
  "final_score": 0.8258225810864328,
  "final_size_score": 0.54183707019268,
  "final_matched_text_score": 0.9721013675410217,
  "final_position_score": 0.8612948271167034,
  "final_text_color_score": 0.856094334604891,
  "final_clip_score": 0.8977853059768677
}