{
  "sum_areas": 0.31108725981992924,
  "final_score": 0.7961872856237173,
  "final_size_score": 0.41543586451040404,
  "final_matched_text_score": 0.9845117845117844,
  "final_position_score": 0.9100327622185717,
  "final_text_color_score": 0.7928010834252203,
  "final_clip_score": 0.8781549334526062
}