{
  "sum_areas": 0.11771875290825479,
  "final_score": 0.9255881329636296,
  "final_size_score": 0.9951717269264068,
  "final_matched_text_score": 0.9739547004572578,
  "final_position_score": 0.9279637685348516,
  "final_text_color_score": 0.8194650519150731,
  "final_clip_score": 0.9113854169845581
}