{
  "sum_areas": 0.07240414068029016,
  "final_score": 0.9471106844719395,
  "final_size_score": 1.0,
  "final_matched_text_score": 0.9970139791889652,
  "final_position_score": 0.9643900942144374,
  "final_text_color_score": 0.8825406935035658,
  "final_clip_score": 0.8916086554527283
}