{
  "sum_areas": 0.38304621039630526,
  "final_score": 0.7981482864149605,
  "final_size_score": 0.4719059773980314,
  "final_matched_text_score": 0.9458104537981052,
  "final_position_score": 0.8270855039315322,
  "final_text_color_score": 0.8132895268925073,
  "final_clip_score": 0.9326499700546265
}