{
  "sum_areas": 0.04804342453495429,
  "final_score": 0.9190089673872518,
  "final_size_score": 0.8648502762156037,
  "final_matched_text_score": 1.0,
  "final_position_score": 0.9266287199193088,
  "final_text_color_score": 0.891950886329757,
  "final_clip_score": 0.9116149544715881
}