{
  "sum_areas": 0.15877575989464693,
  "final_score": 0.727034790516259,
  "final_size_score": 0.26199299422686406,
  "final_matched_text_score": 0.9527338603425561,
  "final_position_score": 0.7109375,
  "final_text_color_score": 0.8431454765748019,
  "final_clip_score": 0.8663641214370728
}