{
  "sum_areas": 0.06363653512286324,
  "final_score": 0.9087669561836359,
  "final_size_score": 1.0000000000000002,
  "final_matched_text_score": 0.8992811699578617,
  "final_position_score": 0.7741071428571429,
  "final_text_color_score": 0.9335785157563727,
  "final_clip_score": 0.9368679523468018
}