{
  "sum_areas": 0.24825455794205795,
  "final_score": 0.8522518617947515,
  "final_size_score": 0.6192495306265396,
  "final_matched_text_score": 0.9844253220611916,
  "final_position_score": 0.8672326625920376,
  "final_text_color_score": 0.8912535166020087,
  "final_clip_score": 0.89909827709198
}