{
  "sum_areas": 0.058343707341396794,
  "final_score": 0.9286722365171998,
  "final_size_score": 0.9590116763671388,
  "final_matched_text_score": 0.9194433194433194,
  "final_position_score": 0.9628194018626078,
  "final_text_color_score": 0.8776171947258599,
  "final_clip_score": 0.9244695901870728
}