{
  "sum_areas": 0.033745659722222224,
  "final_score": 0.9001413533742412,
  "final_size_score": 0.8319614147909967,
  "final_matched_text_score": 1.0,
  "final_position_score": 0.7874083719135803,
  "final_text_color_score": 0.9278886845733668,
  "final_clip_score": 0.9534482955932617
}