{
  "sum_areas": 0.3042123697077154,
  "final_score": 0.8997146037059942,
  "final_size_score": 0.7443461073443453,
  "final_matched_text_score": 0.9910892777879696,
  "final_position_score": 0.9344695653890184,
  "final_text_color_score": 0.9215533238222369,
  "final_clip_score": 0.9071147441864014
}