{
  "sum_areas": 0.6471406469265903,
  "final_score": 0.9208913596691423,
  "final_size_score": 1.0,
  "final_matched_text_score": 0.9338401487199612,
  "final_position_score": 0.9125383916356334,
  "final_text_color_score": 0.8440011548521466,
  "final_clip_score": 0.91407710313797
}