{
  "sum_areas": 0.10772913131598792,
  "final_score": 0.9542772234928766,
  "final_size_score": 0.9911798829723846,
  "final_matched_text_score": 0.9947896245646366,
  "final_position_score": 0.9385385003616193,
  "final_text_color_score": 0.8910151106033399,
  "final_clip_score": 0.9558629989624023
}