{
  "sum_areas": 0.10280420349686197,
  "final_score": 0.9191153763200131,
  "final_size_score": 0.980470119984347,
  "final_matched_text_score": 0.9719510522788878,
  "final_position_score": 0.8934864774038013,
  "final_text_color_score": 0.825935163062485,
  "final_clip_score": 0.9237340688705444
}