{
  "sum_areas": 0.1587288790632223,
  "final_score": 0.9663737597817086,
  "final_size_score": 1.0,
  "final_matched_text_score": 0.9890339362137407,
  "final_position_score": 0.9317024615447274,
  "final_text_color_score": 0.9517006932910357,
  "final_clip_score": 0.9594317078590393
}