{
  "sum_areas": 0.21788027570403365,
  "final_score": 0.9059007457562824,
  "final_size_score": 0.722027310523305,
  "final_matched_text_score": 0.9935669972768297,
  "final_position_score": 0.9503658786993645,
  "final_text_color_score": 0.9127422889631258,
  "final_clip_score": 0.9508012533187866
}