{
  "sum_areas": 0.18045449270199074,
  "final_score": 0.9371735256651441,
  "final_size_score": 0.9999999999999999,
  "final_matched_text_score": 0.9950099783050084,
  "final_position_score": 0.9539242047635627,
  "final_text_color_score": 0.8545809739055262,
  "final_clip_score": 0.8823524713516235
}