{
  "sum_areas": 0.22281783900470895,
  "final_score": 0.7738090920615268,
  "final_size_score": 0.4871856051928449,
  "final_matched_text_score": 0.9553430084770158,
  "final_position_score": 0.9316910391839046,
  "final_text_color_score": 0.6460755141990162,
  "final_clip_score": 0.8487502932548523
}