{
  "sum_areas": 0.44647803137744013,
  "final_score": 0.926711110118853,
  "final_size_score": 0.9252347178990185,
  "final_matched_text_score": 0.9682656820561991,
  "final_position_score": 0.9607623259552891,
  "final_text_color_score": 0.8475831179004635,
  "final_clip_score": 0.9317097067832947
}