{
  "sum_areas": 0.004734157986111112,
  "final_score": 0.9406387671102139,
  "final_size_score": 0.9653907861563144,
  "final_matched_text_score": 1.0,
  "final_position_score": 0.9111111111111112,
  "final_text_color_score": 0.8973450192238899,
  "final_clip_score": 0.9293469190597534
}