{
  "sum_areas": 0.07952768143530409,
  "final_score": 0.8712268379439246,
  "final_size_score": 0.9965515633089272,
  "final_matched_text_score": 0.9759115704852138,
  "final_position_score": 0.9081201090542783,
  "final_text_color_score": 0.5572378608383363,
  "final_clip_score": 0.9183130860328674
}