{
  "sum_areas": 0.20051696482487924,
  "final_score": 0.8805253922667181,
  "final_size_score": 0.9887537826581446,
  "final_matched_text_score": 0.982203707783178,
  "final_position_score": 0.8742875518181226,
  "final_text_color_score": 0.7029938012839226,
  "final_clip_score": 0.8543881177902222
}