{
  "sum_areas": 0.3288181202842812,
  "final_score": 0.9075464297775842,
  "final_size_score": 0.8516545447863071,
  "final_matched_text_score": 0.9910668855951874,
  "final_position_score": 0.86692964361513,
  "final_text_color_score": 0.8934170638897097,
  "final_clip_score": 0.9346640110015869
}