{
  "sum_areas": 0.3209940805252143,
  "final_score": 0.9277823447722112,
  "final_size_score": 0.9025902855685636,
  "final_matched_text_score": 0.9611530426321532,
  "final_position_score": 0.9598284290296365,
  "final_text_color_score": 0.9143758257386734,
  "final_clip_score": 0.9009641408920288
}