{
  "sum_areas": 0.020549812110682554,
  "final_score": 0.93596636358525,
  "final_size_score": 0.9042042832085422,
  "final_matched_text_score": 1.0,
  "final_position_score": 0.9703647182364746,
  "final_text_color_score": 0.9070641522928482,
  "final_clip_score": 0.898198664188385
}