{
  "sum_areas": 0.187310522210415,
  "final_score": 0.9180524118574033,
  "final_size_score": 0.9986818121539836,
  "final_matched_text_score": 0.9837847706861411,
  "final_position_score": 0.9105025941220953,
  "final_text_color_score": 0.8276193918005044,
  "final_clip_score": 0.869673490524292
}