{
  "sum_areas": 0.6186986467133896,
  "final_score": 0.9319600677363381,
  "final_size_score": 0.998178301925754,
  "final_matched_text_score": 0.9963218390804599,
  "final_position_score": 0.8578284010176652,
  "final_text_color_score": 0.8772197214624986,
  "final_clip_score": 0.9302520751953125
}