{
  "sum_areas": 0.5718582193180108,
  "final_score": 0.9696921471805681,
  "final_size_score": 1.0,
  "final_matched_text_score": 0.9943961508769549,
  "final_position_score": 0.9332708512568788,
  "final_text_color_score": 0.952535770111627,
  "final_clip_score": 0.9682579636573792
}