{
  "sum_areas": 0.22564130912154243,
  "final_score": 0.8971754421030863,
  "final_size_score": 0.8798089920840415,
  "final_matched_text_score": 0.9899782135076253,
  "final_position_score": 0.8780509893280268,
  "final_text_color_score": 0.8315535176442301,
  "final_clip_score": 0.9064854979515076
}