{
  "sum_areas": 0.11279839409722221,
  "final_score": 0.9466751608792067,
  "final_size_score": 1.0000000000000002,
  "final_matched_text_score": 0.9182384351914445,
  "final_position_score": 0.9295634920634921,
  "final_text_color_score": 0.9403995407076852,
  "final_clip_score": 0.9451743364334106
}