{
  "sum_areas": 0.10408676468762415,
  "final_score": 0.9274859116066317,
  "final_size_score": 0.8131254285263362,
  "final_matched_text_score": 0.9993311036789297,
  "final_position_score": 0.9556131710167959,
  "final_text_color_score": 0.92015624439087,
  "final_clip_score": 0.949203610420227
}