{
  "sum_areas": 0.3683700739087649,
  "final_score": 0.9320682641310487,
  "final_size_score": 1.0,
  "final_matched_text_score": 0.987807446349981,
  "final_position_score": 0.9401073493876136,
  "final_text_color_score": 0.7997586734695901,
  "final_clip_score": 0.9326678514480591
}