{
  "sum_areas": 0.17955935828302905,
  "final_score": 0.9359720769758564,
  "final_size_score": 0.9970122596646152,
  "final_matched_text_score": 0.9839015874779453,
  "final_position_score": 0.9278505936225057,
  "final_text_color_score": 0.9120051390605056,
  "final_clip_score": 0.8590908050537109
}