{
  "sum_areas": 0.23762146715246102,
  "final_score": 0.9633069224269859,
  "final_size_score": 0.9960636467704058,
  "final_matched_text_score": 0.9951635191156148,
  "final_position_score": 0.9469747524673188,
  "final_text_color_score": 0.9493761255404706,
  "final_clip_score": 0.9289565682411194
}