{
  "sum_areas": 0.3041852697206434,
  "final_score": 0.9547391106219365,
  "final_size_score": 0.9853548485573149,
  "final_matched_text_score": 0.9459949163497463,
  "final_position_score": 0.9213766893291009,
  "final_text_color_score": 0.9540432394222269,
  "final_clip_score": 0.966925859451294
}