{
  "sum_areas": 0.2552148285758137,
  "final_score": 0.8435610721451241,
  "final_size_score": 0.7679799281416174,
  "final_matched_text_score": 0.9657525823377089,
  "final_position_score": 0.8088299813838687,
  "final_text_color_score": 0.7432536758997795,
  "final_clip_score": 0.9319891929626465
}