{
  "sum_areas": 0.17190103696137915,
  "final_score": 0.8976436310923002,
  "final_size_score": 0.818726399844856,
  "final_matched_text_score": 0.9980718579050449,
  "final_position_score": 0.917182235626782,
  "final_text_color_score": 0.8308290345747468,
  "final_clip_score": 0.9234086275100708
}