{
  "sum_areas": 0.5188533969363621,
  "final_score": 0.9317460148698331,
  "final_size_score": 0.9996731473783338,
  "final_matched_text_score": 0.8938353412064458,
  "final_position_score": 0.9628072008282511,
  "final_text_color_score": 0.8540120397556238,
  "final_clip_score": 0.9484023451805115
}