{
  "sum_areas": 0.3769612187894868,
  "final_score": 0.9410985756456743,
  "final_size_score": 0.9965221642631392,
  "final_matched_text_score": 0.9485830010855819,
  "final_position_score": 0.9563448825312089,
  "final_text_color_score": 0.871224477172325,
  "final_clip_score": 0.9328183531761169
}