{
  "sum_areas": 0.06933028312794748,
  "final_score": 0.9444709113405803,
  "final_size_score": 0.9998957307705171,
  "final_matched_text_score": 0.9916012806637807,
  "final_position_score": 0.9038736979166666,
  "final_text_color_score": 0.9003083488663712,
  "final_clip_score": 0.9266754984855652
}