{
  "sum_areas": 0.09035371942830349,
  "final_score": 0.9300040875506727,
  "final_size_score": 0.9659864524268237,
  "final_matched_text_score": 0.9288317874692751,
  "final_position_score": 0.8997330775489497,
  "final_text_color_score": 0.8856670387233839,
  "final_clip_score": 0.9698020815849304
}