{
  "sum_areas": 0.1804675040231237,
  "final_score": 0.9288024967546588,
  "final_size_score": 0.9526575819964095,
  "final_matched_text_score": 0.9795191996858741,
  "final_position_score": 0.9307059498118978,
  "final_text_color_score": 0.884759043336699,
  "final_clip_score": 0.8963707089424133
}