{
  "sum_areas": 0.4715790781323632,
  "final_score": 0.941168420757948,
  "final_size_score": 1.0000000000000002,
  "final_matched_text_score": 0.963130334543147,
  "final_position_score": 0.9210867626578658,
  "final_text_color_score": 0.8933019761169247,
  "final_clip_score": 0.9283230304718018
}