{
  "sum_areas": 0.19985794067820944,
  "final_score": 0.9433587993708997,
  "final_size_score": 0.9842281940362353,
  "final_matched_text_score": 0.9861373463511452,
  "final_position_score": 0.9262209914935163,
  "final_text_color_score": 0.8871420505448907,
  "final_clip_score": 0.9330654144287109
}