{
  "sum_areas": 0.23369626613635566,
  "final_score": 0.9045394617366406,
  "final_size_score": 0.8898853873504051,
  "final_matched_text_score": 0.9653065121093364,
  "final_position_score": 0.9089753680703471,
  "final_text_color_score": 0.848790964061897,
  "final_clip_score": 0.909739077091217
}