{
  "sum_areas": 0.2182270617810546,
  "final_score": 0.9534344985910437,
  "final_size_score": 0.9963172012691032,
  "final_matched_text_score": 0.9782668769155257,
  "final_position_score": 0.9702100488240187,
  "final_text_color_score": 0.8734825539119644,
  "final_clip_score": 0.9488958120346069
}