{
  "sum_areas": 0.5792031042062619,
  "final_score": 0.9262226761296983,
  "final_size_score": 0.9939748150158175,
  "final_matched_text_score": 0.9482686587598226,
  "final_position_score": 0.9566214471852594,
  "final_text_color_score": 0.8298445686010143,
  "final_clip_score": 0.9024038910865784
}