{
  "sum_areas": 0.2486146715665841,
  "final_score": 0.9311784138648133,
  "final_size_score": 0.9879577372551922,
  "final_matched_text_score": 0.9729108237064191,
  "final_position_score": 0.9521990250828453,
  "final_text_color_score": 0.7927303794664383,
  "final_clip_score": 0.9500941038131714
}