{
  "sum_areas": 0.11869359742309056,
  "final_score": 0.9314401087104619,
  "final_size_score": 0.9070153825911417,
  "final_matched_text_score": 0.9412763322797925,
  "final_position_score": 0.9478162003231078,
  "final_text_color_score": 0.8985648764356597,
  "final_clip_score": 0.9625277519226074
}