{
  "sum_areas": 0.0598647553402575,
  "final_score": 0.9528773183004908,
  "final_size_score": 0.9591692380603669,
  "final_matched_text_score": 0.9938784195732214,
  "final_position_score": 0.9548125047077991,
  "final_text_color_score": 0.8852546758499091,
  "final_clip_score": 0.9712717533111572
}