{
  "sum_areas": 0.35623811971380853,
  "final_score": 0.9102257071764998,
  "final_size_score": 0.9927645660885284,
  "final_matched_text_score": 0.9867090064868603,
  "final_position_score": 0.901094569022916,
  "final_text_color_score": 0.7890910849542074,
  "final_clip_score": 0.8814693093299866
}