{
  "sum_areas": 0.10666543526985774,
  "final_score": 0.9369940236746364,
  "final_size_score": 0.9982927523233179,
  "final_matched_text_score": 0.9530240877908771,
  "final_position_score": 0.902812160399203,
  "final_text_color_score": 0.8663955864915285,
  "final_clip_score": 0.9644455313682556
}