{
  "sum_areas": 0.48933500390745827,
  "final_score": 0.8453277175589602,
  "final_size_score": 0.5014105106970606,
  "final_matched_text_score": 0.9389048810435343,
  "final_position_score": 0.9595660823168989,
  "final_text_color_score": 0.9250491068784811,
  "final_clip_score": 0.9017080068588257
}