{
  "sum_areas": 0.15236030529365963,
  "final_score": 0.913604781689675,
  "final_size_score": 0.9681132422438006,
  "final_matched_text_score": 0.9048729368614095,
  "final_position_score": 0.8699321992435979,
  "final_text_color_score": 0.8986745298668705,
  "final_clip_score": 0.9264310002326965
}