{
  "sum_areas": 0.4062095076229143,
  "final_score": 0.9571037524796714,
  "final_size_score": 1.0,
  "final_matched_text_score": 0.9800161500520741,
  "final_position_score": 0.9507551975948317,
  "final_text_color_score": 0.9692427517608804,
  "final_clip_score": 0.8855046629905701
}