{
  "sum_areas": 0.27055832867460017,
  "final_score": 0.9344257950238124,
  "final_size_score": 1.0,
  "final_matched_text_score": 0.9427102942913113,
  "final_position_score": 0.9176308917208782,
  "final_text_color_score": 0.8696406533723134,
  "final_clip_score": 0.9421471357345581
}