{
  "sum_areas": 0.023270913285818713,
  "final_score": 0.974529818314043,
  "final_size_score": 0.9717288819410872,
  "final_matched_text_score": 1.0,
  "final_position_score": 0.9500685307017545,
  "final_text_color_score": 0.981610298235845,
  "final_clip_score": 0.9692413806915283
}