{
  "sum_areas": 0.5051335687215244,
  "final_score": 0.9119548795361393,
  "final_size_score": 0.9628934785752273,
  "final_matched_text_score": 0.867494184803594,
  "final_position_score": 0.8896527077501418,
  "final_text_color_score": 0.914242037892828,
  "final_clip_score": 0.925491988658905
}