{
  "sum_areas": 0.3273489336607955,
  "final_score": 0.8717160415335119,
  "final_size_score": 0.795491207542467,
  "final_matched_text_score": 0.9346996085212645,
  "final_position_score": 0.8256345202717491,
  "final_text_color_score": 0.8452600760096599,
  "final_clip_score": 0.9574947953224182
}