{
  "sum_areas": 0.26765558271130424,
  "final_score": 0.9495655409621846,
  "final_size_score": 0.9743701968643509,
  "final_matched_text_score": 0.9543691013243891,
  "final_position_score": 0.9075382991475208,
  "final_text_color_score": 0.9639976649240024,
  "final_clip_score": 0.9475524425506592
}