{
  "sum_areas": 0.33744132625432394,
  "final_score": 0.9237411970007244,
  "final_size_score": 0.9822144624599323,
  "final_matched_text_score": 0.9412512517917124,
  "final_position_score": 0.8791501434134527,
  "final_text_color_score": 0.8810938800469595,
  "final_clip_score": 0.9349962472915649
}