{
  "sum_areas": 0.1941554470319376,
  "final_score": 0.9443528087430413,
  "final_size_score": 1.0,
  "final_matched_text_score": 0.9944244021203792,
  "final_position_score": 0.8989506308008378,
  "final_text_color_score": 0.9030545572112256,
  "final_clip_score": 0.9253344535827637
}