{
  "sum_areas": 0.21784309177321673,
  "final_score": 0.93824760905683,
  "final_size_score": 0.9852191152255819,
  "final_matched_text_score": 0.9822949061586079,
  "final_position_score": 0.943557422547149,
  "final_text_color_score": 0.848976170234799,
  "final_clip_score": 0.9311904311180115
}