{
  "sum_areas": 0.1069022647106089,
  "final_score": 0.9321982889053063,
  "final_size_score": 0.968180573577,
  "final_matched_text_score": 0.9859335038363172,
  "final_position_score": 0.9353926564473048,
  "final_text_color_score": 0.8557159681045692,
  "final_clip_score": 0.9157687425613403
}