{
  "sum_areas": 0.023639348723011114,
  "final_score": 0.9599404605452655,
  "final_size_score": 0.9441392046800595,
  "final_matched_text_score": 1.0,
  "final_position_score": 0.9530671867573398,
  "final_text_color_score": 0.9516573454625125,
  "final_clip_score": 0.950838565826416
}