{
  "sum_areas": 0.19489339331581293,
  "final_score": 0.90846931798152,
  "final_size_score": 0.9853879128421532,
  "final_matched_text_score": 0.9743688756948807,
  "final_position_score": 0.9196407835337371,
  "final_text_color_score": 0.7618465941689205,
  "final_clip_score": 0.9011024236679077
}