{
  "sum_areas": 0.2275069846573487,
  "final_score": 0.869859297661904,
  "final_size_score": 0.9306017228352745,
  "final_matched_text_score": 0.9857719626671223,
  "final_position_score": 0.8353998164596549,
  "final_text_color_score": 0.702738595421107,
  "final_clip_score": 0.8947843909263611
}