{
  "sum_areas": 0.38760348342538714,
  "final_score": 0.7793936408727349,
  "final_size_score": 0.3439518215395117,
  "final_matched_text_score": 0.9966329966329965,
  "final_position_score": 0.9601780481370269,
  "final_text_color_score": 0.7456422291330883,
  "final_clip_score": 0.850563108921051
}