{
  "sum_areas": 0.05669307095294198,
  "final_score": 0.9232203972115777,
  "final_size_score": 0.8854700328203229,
  "final_matched_text_score": 1.0,
  "final_position_score": 0.9520052083333334,
  "final_text_color_score": 0.8887803007742877,
  "final_clip_score": 0.8898464441299438
}