{
  "sum_areas": 0.10781153992844868,
  "final_score": 0.922532907059522,
  "final_size_score": 0.9522778265153489,
  "final_matched_text_score": 0.9902266408290505,
  "final_position_score": 0.8363783192800146,
  "final_text_color_score": 0.8887349661796039,
  "final_clip_score": 0.9450467824935913
}