{
  "sum_areas": 0.03386393229166667,
  "final_score": 0.9171461195238341,
  "final_size_score": 0.8306257810247044,
  "final_matched_text_score": 1.0,
  "final_position_score": 0.9053578317901234,
  "final_text_color_score": 0.8924641435987455,
  "final_clip_score": 0.9572828412055969
}