{
  "sum_areas": 0.09397136620627215,
  "final_score": 0.9507509986187093,
  "final_size_score": 0.987131057022148,
  "final_matched_text_score": 0.9814814814814815,
  "final_position_score": 0.9460210174055239,
  "final_text_color_score": 0.8809792758150691,
  "final_clip_score": 0.9581421613693237
}