{
  "sum_areas": 0.17400571787054794,
  "final_score": 0.8570223903247517,
  "final_size_score": 0.9654441716336735,
  "final_matched_text_score": 0.9964058497893085,
  "final_position_score": 0.7292273836277073,
  "final_text_color_score": 0.8347372948717138,
  "final_clip_score": 0.759297251701355
}