{
  "sum_areas": 0.1907334837382542,
  "final_score": 0.9135394273995896,
  "final_size_score": 0.9929956023067802,
  "final_matched_text_score": 0.9543757526559079,
  "final_position_score": 0.8563723780907544,
  "final_text_color_score": 0.8581734461732036,
  "final_clip_score": 0.9057799577713013
}