{
  "sum_areas": 0.11364393786719786,
  "final_score": 0.926958368040674,
  "final_size_score": 0.976680338339147,
  "final_matched_text_score": 0.9404684152786805,
  "final_position_score": 0.8691434102165854,
  "final_text_color_score": 0.889161011360412,
  "final_clip_score": 0.9593386650085449
}