{
  "sum_areas": 0.1605834795427829,
  "final_score": 0.8288057338730227,
  "final_size_score": 0.8501254383453306,
  "final_matched_text_score": 0.8919268940617482,
  "final_position_score": 0.7687855113636364,
  "final_text_color_score": 0.7245844155678479,
  "final_clip_score": 0.9086064100265503
}