{
  "sum_areas": 0.29456555488782055,
  "final_score": 0.9012158192288938,
  "final_size_score": 0.9999313145360713,
  "final_matched_text_score": 0.9735316319572236,
  "final_position_score": 0.7830232470718583,
  "final_text_color_score": 0.8264717482709968,
  "final_clip_score": 0.9231211543083191
}