{
  "sum_areas": 0.3475394935898879,
  "final_score": 0.7830558310620206,
  "final_size_score": 0.439744181437413,
  "final_matched_text_score": 0.9439467393059222,
  "final_position_score": 0.8366962583891356,
  "final_text_color_score": 0.7857011426090587,
  "final_clip_score": 0.909190833568573
}