{
  "sum_areas": 0.17502335455198875,
  "final_score": 0.8788404322335478,
  "final_size_score": 0.9876976750119809,
  "final_matched_text_score": 0.9915035244418716,
  "final_position_score": 0.7938152595409854,
  "final_text_color_score": 0.7779820979515563,
  "final_clip_score": 0.843203604221344
}