{
  "sum_areas": 0.07118568042200855,
  "final_score": 0.9506451031386846,
  "final_size_score": 1.0,
  "final_matched_text_score": 0.9809138230190863,
  "final_position_score": 0.9358663385225885,
  "final_text_color_score": 0.9025244938612204,
  "final_clip_score": 0.9339208602905273
}