{
  "sum_areas": 0.10053209530527385,
  "final_score": 0.8814574872430985,
  "final_size_score": 0.8538744976587024,
  "final_matched_text_score": 0.9785540257238371,
  "final_position_score": 0.8986416512793917,
  "final_text_color_score": 0.785558465719974,
  "final_clip_score": 0.8906587958335876
}