{
  "sum_areas": 0.06974463547195682,
  "final_score": 0.8801125500668251,
  "final_size_score": 1.0,
  "final_matched_text_score": 0.9970139791889652,
  "final_position_score": 0.9306814174677598,
  "final_text_color_score": 0.5739959318634356,
  "final_clip_score": 0.8988714218139648
}