{
  "sum_areas": 0.2863755301404336,
  "final_score": 0.7943763264289054,
  "final_size_score": 0.41562455513318086,
  "final_matched_text_score": 0.9769702808823599,
  "final_position_score": 0.854595472563554,
  "final_text_color_score": 0.8439248126019928,
  "final_clip_score": 0.8807665109634399
}