{
  "sum_areas": 0.4063457093796598,
  "final_score": 0.7701583882076367,
  "final_size_score": 0.3990658887826238,
  "final_matched_text_score": 0.9402482125974571,
  "final_position_score": 0.7938318001720726,
  "final_text_color_score": 0.8352964291573556,
  "final_clip_score": 0.8823496103286743
}