{
  "sum_areas": 0.19388061419257177,
  "final_score": 0.8680105740323084,
  "final_size_score": 0.9280307718953639,
  "final_matched_text_score": 0.9897647790932818,
  "final_position_score": 0.8603849217745857,
  "final_text_color_score": 0.6423836097472482,
  "final_clip_score": 0.919488787651062
}