{
  "sum_areas": 0.020234226843793838,
  "final_score": 0.9450267461207368,
  "final_size_score": 0.9537692205306929,
  "final_matched_text_score": 1.0,
  "final_position_score": 0.962954186718493,
  "final_text_color_score": 0.882155931684271,
  "final_clip_score": 0.926254391670227
}