{
  "sum_areas": 0.04255405821550987,
  "final_score": 0.9244022806052634,
  "final_size_score": 0.8425715658874972,
  "final_matched_text_score": 1.0,
  "final_position_score": 0.9126120091680154,
  "final_text_color_score": 0.9464543881819856,
  "final_clip_score": 0.9203734397888184
}