{
  "sum_areas": 0.3572406427492933,
  "final_score": 0.7793801188091596,
  "final_size_score": 0.29511241285747547,
  "final_matched_text_score": 0.998217468805704,
  "final_position_score": 0.8701085464850316,
  "final_text_color_score": 0.8554850331003454,
  "final_clip_score": 0.8779771327972412
}