{
  "sum_areas": 0.2684972067589306,
  "final_score": 0.7995856827880818,
  "final_size_score": 0.5257554838707327,
  "final_matched_text_score": 0.9794873827330381,
  "final_position_score": 0.7461203423135867,
  "final_text_color_score": 0.8160574855062972,
  "final_clip_score": 0.9305077195167542
}