{
  "sum_areas": 0.07090351421480146,
  "final_score": 0.9376346564253197,
  "final_size_score": 0.9994711122514127,
  "final_matched_text_score": 0.9952773379883354,
  "final_position_score": 0.8577226653748143,
  "final_text_color_score": 0.8808613276028869,
  "final_clip_score": 0.9548408389091492
}