{
  "sum_areas": 0.20216686309181725,
  "final_score": 0.9197789322614413,
  "final_size_score": 0.9937181734457987,
  "final_matched_text_score": 0.9377572834058596,
  "final_position_score": 0.8333223426178538,
  "final_text_color_score": 0.9015091190322132,
  "final_clip_score": 0.932587742805481
}