{
  "sum_areas": 0.26594529900917147,
  "final_score": 0.8990852981705642,
  "final_size_score": 0.959539136207259,
  "final_matched_text_score": 0.9732741431370384,
  "final_position_score": 0.7989087651073277,
  "final_text_color_score": 0.8596587453742793,
  "final_clip_score": 0.9040457010269165
}