{
  "sum_areas": 0.0733474392361111,
  "final_score": 0.9581127991301979,
  "final_size_score": 1.0,
  "final_matched_text_score": 0.9809138230190863,
  "final_position_score": 0.9530567956349206,
  "final_text_color_score": 0.9216620987682222,
  "final_clip_score": 0.9349312782287598
}