{
  "sum_areas": 0.0945443100266032,
  "final_score": 0.8892117561046782,
  "final_size_score": 0.9497558574160354,
  "final_matched_text_score": 0.9109870217854587,
  "final_position_score": 0.8423459233223504,
  "final_text_color_score": 0.838060009623386,
  "final_clip_score": 0.9049099683761597
}