{
  "sum_areas": 0.06195275179140128,
  "final_score": 0.9237438330518404,
  "final_size_score": 0.9558876387798417,
  "final_matched_text_score": 0.9857131158280923,
  "final_position_score": 0.9288411112769817,
  "final_text_color_score": 0.8147998976408872,
  "final_clip_score": 0.9334774017333984
}