{
  "sum_areas": 0.15853560636324415,
  "final_score": 0.8978826349227932,
  "final_size_score": 0.9979670077409731,
  "final_matched_text_score": 0.9893982612839769,
  "final_position_score": 0.8760346793083531,
  "final_text_color_score": 0.7655654022793508,
  "final_clip_score": 0.8604478240013123
}