{
  "sum_areas": 0.09564237315071661,
  "final_score": 0.9163792408248175,
  "final_size_score": 1.0,
  "final_matched_text_score": 0.9566666666666667,
  "final_position_score": 0.8255317713149175,
  "final_text_color_score": 0.9139134977632912,
  "final_clip_score": 0.8857842683792114
}