{
  "sum_areas": 0.07526211741443598,
  "final_score": 0.7852853764764387,
  "final_size_score": 0.4114757950577785,
  "final_matched_text_score": 0.9991158267020336,
  "final_position_score": 0.7298997074490737,
  "final_text_color_score": 0.9467410169642012,
  "final_clip_score": 0.8391945362091064
}