{
  "sum_areas": 0.09139161571633249,
  "final_score": 0.8877949595657779,
  "final_size_score": 0.7654806843828068,
  "final_matched_text_score": 0.9788711788711788,
  "final_position_score": 0.9160842928737216,
  "final_text_color_score": 0.9105730626682838,
  "final_clip_score": 0.867965579032898
}