{
  "sum_areas": 0.11074257396308981,
  "final_score": 0.9171820014605777,
  "final_size_score": 0.9831171616687735,
  "final_matched_text_score": 0.942852932508105,
  "final_position_score": 0.8477413313356165,
  "final_text_color_score": 0.9219577933306153,
  "final_clip_score": 0.8902407884597778
}