{
  "sum_areas": 0.16327441650724095,
  "final_score": 0.9228594829520574,
  "final_size_score": 0.9821367474723429,
  "final_matched_text_score": 0.9907051282051282,
  "final_position_score": 0.92373531601347,
  "final_text_color_score": 0.7726076370479229,
  "final_clip_score": 0.9451125860214233
}