{
  "sum_areas": 0.23411770048133684,
  "final_score": 0.9231589615111189,
  "final_size_score": 0.9999691969532986,
  "final_matched_text_score": 0.9727938557203178,
  "final_position_score": 0.8994601884857567,
  "final_text_color_score": 0.8185588586859546,
  "final_clip_score": 0.9250127077102661
}