{
  "sum_areas": 0.26928911232215036,
  "final_score": 0.8552553153724759,
  "final_size_score": 0.6936109080580712,
  "final_matched_text_score": 0.9759294635728687,
  "final_position_score": 0.9147867426506339,
  "final_text_color_score": 0.766378318953639,
  "final_clip_score": 0.9255711436271667
}