{
  "sum_areas": 0.12810172723379018,
  "final_score": 0.8941441484434404,
  "final_size_score": 0.9606823080427402,
  "final_matched_text_score": 0.9770683873086601,
  "final_position_score": 0.8681818132522843,
  "final_text_color_score": 0.7196856611724152,
  "final_clip_score": 0.9451025724411011
}