{
  "sum_areas": 0.12299904204294687,
  "final_score": 0.958629068768217,
  "final_size_score": 0.9678662226308827,
  "final_matched_text_score": 0.996139743913221,
  "final_position_score": 0.9343830344335428,
  "final_text_color_score": 0.9196424741500598,
  "final_clip_score": 0.9751138687133789
}