{
  "sum_areas": 0.07027155296630969,
  "final_score": 0.9324182027337964,
  "final_size_score": 1.0,
  "final_matched_text_score": 0.9803125371101465,
  "final_position_score": 0.8188323830291226,
  "final_text_color_score": 0.8914834265413394,
  "final_clip_score": 0.9714626669883728
}