{
  "sum_areas": 0.023411367286045297,
  "final_score": 0.9643809083945206,
  "final_size_score": 0.9403501573429077,
  "final_matched_text_score": 1.0,
  "final_position_score": 0.9397567730613141,
  "final_text_color_score": 0.9871938799361483,
  "final_clip_score": 0.9546037316322327
}