{
  "sum_areas": 0.294724423720443,
  "final_score": 0.9344340442996462,
  "final_size_score": 0.9926345448643434,
  "final_matched_text_score": 0.9535155464617686,
  "final_position_score": 0.9281093133447514,
  "final_text_color_score": 0.8742182327895861,
  "final_clip_score": 0.9236925840377808
}