{
  "sum_areas": 0.17743393663932838,
  "final_score": 0.8785004369020184,
  "final_size_score": 0.8062477002514904,
  "final_matched_text_score": 0.9963577885529105,
  "final_position_score": 0.8442739305573969,
  "final_text_color_score": 0.8444351068383582,
  "final_clip_score": 0.9011876583099365
}