{
  "sum_areas": 0.29837854709637096,
  "final_score": 0.8423747583801875,
  "final_size_score": 0.533915083411899,
  "final_matched_text_score": 0.9817938431545231,
  "final_position_score": 0.8637318697919971,
  "final_text_color_score": 0.9253172976818005,
  "final_clip_score": 0.9071156978607178
}