{
  "sum_areas": 0.3740388490685874,
  "final_score": 0.8321136982324617,
  "final_size_score": 0.4775644099863642,
  "final_matched_text_score": 0.9457549090057311,
  "final_position_score": 0.9148117919225875,
  "final_text_color_score": 0.87700573056272,
  "final_clip_score": 0.945431649684906
}