{
  "sum_areas": 0.14531538263774868,
  "final_score": 0.9322426450533584,
  "final_size_score": 0.9899904609652993,
  "final_matched_text_score": 0.9793014755888986,
  "final_position_score": 0.8992397711600322,
  "final_text_color_score": 0.8436145209781596,
  "final_clip_score": 0.9490669965744019
}