{
  "sum_areas": 0.04242604579468644,
  "final_score": 0.9395848855983765,
  "final_size_score": 0.8478078616918299,
  "final_matched_text_score": 0.9967320261437909,
  "final_position_score": 0.9729551303175765,
  "final_text_color_score": 0.9381798137197587,
  "final_clip_score": 0.942249596118927
}