{
  "sum_areas": 0.10893084276834325,
  "final_score": 0.9204714813206817,
  "final_size_score": 0.9415701627554713,
  "final_matched_text_score": 0.959701996244336,
  "final_position_score": 0.8858924261587655,
  "final_text_color_score": 0.8663109568971065,
  "final_clip_score": 0.9488818645477295
}