{
  "sum_areas": 0.3700350122672474,
  "final_score": 0.9326878277577543,
  "final_size_score": 0.9500012895497739,
  "final_matched_text_score": 0.975469299193861,
  "final_position_score": 0.935836175217005,
  "final_text_color_score": 0.8773586817434141,
  "final_clip_score": 0.9247736930847168
}