{
  "sum_areas": 0.061028012059016964,
  "final_score": 0.95312366921811,
  "final_size_score": 0.9786872538650467,
  "final_matched_text_score": 0.9816999327203408,
  "final_position_score": 0.8855501073354552,
  "final_text_color_score": 0.9808916844939263,
  "final_clip_score": 0.9387893676757812
}