{
  "sum_areas": 0.12230840791759143,
  "final_score": 0.9497441026096386,
  "final_size_score": 0.9567835068886921,
  "final_matched_text_score": 0.9927792214012862,
  "final_position_score": 0.9156672297297298,
  "final_text_color_score": 0.9302267358108033,
  "final_clip_score": 0.9532638192176819
}