{
  "sum_areas": 0.1823270950355881,
  "final_score": 0.8982166097407044,
  "final_size_score": 0.7231390344649431,
  "final_matched_text_score": 0.986047987496918,
  "final_position_score": 0.9591654524243468,
  "final_text_color_score": 0.8775476548150556,
  "final_clip_score": 0.9451829195022583
}