{
  "sum_areas": 0.2499145010148356,
  "final_score": 0.9479074360305586,
  "final_size_score": 0.9833238117345012,
  "final_matched_text_score": 0.9973771695965304,
  "final_position_score": 0.9260906151436832,
  "final_text_color_score": 0.9102802592762222,
  "final_clip_score": 0.9224653244018555
}