{
  "sum_areas": 0.08717230902777778,
  "final_score": 0.9714528246065849,
  "final_size_score": 1.0000000000000002,
  "final_matched_text_score": 0.9809138230190863,
  "final_position_score": 0.9563864087301587,
  "final_text_color_score": 0.9604363987604854,
  "final_clip_score": 0.9595274925231934
}