{
  "sum_areas": 0.2848662753453655,
  "final_score": 0.9672356179954638,
  "final_size_score": 0.9975251369699194,
  "final_matched_text_score": 0.9688410176135389,
  "final_position_score": 0.9454338438828328,
  "final_text_color_score": 0.9659413043825792,
  "final_clip_score": 0.9584367871284485
}