{
  "sum_areas": 0.04524414062499999,
  "final_score": 0.9371976599026512,
  "final_size_score": 0.8703743674604888,
  "final_matched_text_score": 0.9934640522875817,
  "final_position_score": 0.9035590277777776,
  "final_text_color_score": 0.9534984910140495,
  "final_clip_score": 0.9650923609733582
}