{
  "sum_areas": 0.1987949331767267,
  "final_score": 0.931554031739533,
  "final_size_score": 0.9999999999999999,
  "final_matched_text_score": 0.9744769308158941,
  "final_position_score": 0.8781681775727292,
  "final_text_color_score": 0.8836894557503256,
  "final_clip_score": 0.9214355945587158
}