{
  "sum_areas": 0.2003969580149762,
  "final_score": 0.9560676744605309,
  "final_size_score": 0.9999643971482051,
  "final_matched_text_score": 0.9924108644045806,
  "final_position_score": 0.8902792808645501,
  "final_text_color_score": 0.9601854988153724,
  "final_clip_score": 0.9374983310699463
}