{
  "sum_areas": 0.07902309773708632,
  "final_score": 0.9324678411369445,
  "final_size_score": 0.9755149419850816,
  "final_matched_text_score": 0.9418530197031274,
  "final_position_score": 0.9433810872771003,
  "final_text_color_score": 0.8846004726144937,
  "final_clip_score": 0.9169896841049194
}