{
  "sum_areas": 0.06777047660581233,
  "final_score": 0.9773506469877291,
  "final_size_score": 0.9999999999999998,
  "final_matched_text_score": 0.9993614303959133,
  "final_position_score": 0.9471635031575436,
  "final_text_color_score": 0.9847120822460891,
  "final_clip_score": 0.9555162191390991
}