{
  "sum_areas": 0.2036099282238843,
  "final_score": 0.912189756896334,
  "final_size_score": 0.9775580155947531,
  "final_matched_text_score": 0.9563012345679013,
  "final_position_score": 0.8658902726051251,
  "final_text_color_score": 0.8539860506543197,
  "final_clip_score": 0.9072132110595703
}