{
  "sum_areas": 0.16349139697176115,
  "final_score": 0.9089443494838343,
  "final_size_score": 0.861723841992731,
  "final_matched_text_score": 0.9965277777777778,
  "final_position_score": 0.942818658862528,
  "final_text_color_score": 0.8277527284945387,
  "final_clip_score": 0.9158987402915955
}