{
  "sum_areas": 0.07471711002968734,
  "final_score": 0.9541839613466717,
  "final_size_score": 1.0,
  "final_matched_text_score": 0.9970139791889652,
  "final_position_score": 0.946586085038152,
  "final_text_color_score": 0.8747063887769935,
  "final_clip_score": 0.952613353729248
}