{
  "sum_areas": 0.05171767209154842,
  "final_score": 0.9151859755065422,
  "final_size_score": 0.90695139914663,
  "final_matched_text_score": 0.9643132716049383,
  "final_position_score": 0.8776191510442448,
  "final_text_color_score": 0.8900537084964499,
  "final_clip_score": 0.936992347240448
}