{
  "sum_areas": 0.10587240787293882,
  "final_score": 0.9456343846978073,
  "final_size_score": 0.9880225025309377,
  "final_matched_text_score": 0.9649122807017543,
  "final_position_score": 0.9113498248047304,
  "final_text_color_score": 0.8996273929471883,
  "final_clip_score": 0.964259922504425
}