{
  "sum_areas": 0.1532709889665634,
  "final_score": 0.9538697037702865,
  "final_size_score": 0.9895108033063138,
  "final_matched_text_score": 0.9651576300064527,
  "final_position_score": 0.9612956883745299,
  "final_text_color_score": 0.9258443333061029,
  "final_clip_score": 0.9275400638580322
}