{
  "sum_areas": 0.3554079188955945,
  "final_score": 0.9370994344014577,
  "final_size_score": 0.9359000331977368,
  "final_matched_text_score": 0.9689494198601113,
  "final_position_score": 0.92524485000558,
  "final_text_color_score": 0.9435946166092656,
  "final_clip_score": 0.9118082523345947
}